TAPPING SCREW,2,4,20,1.58,IDR,2010-01-01
TAPPING SCREW,2.6,4,20,1.58,IDR,2010-01-01
TAPPING SCREW,3,4,30,1.73,IDR,2010-01-01
TAPPING SCREW,3.5,4,30,1.73,IDR,2010-01-01
TAPPING SCREW,4,6,50,1.73,IDR,2010-01-01
TAPPING SCREW,4.5,6,50,1.73,IDR,2010-01-01
TAPPING SCREW,5,6,21,2.02,IDR,2010-01-01
TAPPING SCREW,5,22,50,3.83,IDR,2010-01-01
TAPPING SCREW,6,6,56,3.83,IDR,2010-01-01
TAPPING SCREW,8,28,57,3.83,IDR,2010-01-01
TAPPING SCREW,8,58,110,5.25,IDR,2010-01-01
TAPPING SCREW,10,28,57,3.83,IDR,2010-01-01
TAPPING SCREW,10,58,110,5.25,IDR,2010-01-01
WOOD SCREW,2,4,20,1.58,IDR,2010-01-01
WOOD SCREW,2.6,4,20,1.58,IDR,2010-01-01
WOOD SCREW,3,4,30,1.73,IDR,2010-01-01
WOOD SCREW,3.5,4,30,1.73,IDR,2010-01-01
WOOD SCREW,4,6,50,1.73,IDR,2010-01-01
WOOD SCREW,4.5,6,50,1.73,IDR,2010-01-01
WOOD SCREW,5,6,21,2.02,IDR,2010-01-01
WOOD SCREW,5,22,50,3.83,IDR,2010-01-01
WOOD SCREW,6,6,56,3.83,IDR,2010-01-01
WOOD SCREW,8,28,57,3.83,IDR,2010-01-01
WOOD SCREW,8,58,110,5.25,IDR,2010-01-01
WOOD SCREW,10,28,57,3.83,IDR,2010-01-01
WOOD SCREW,10,58,110,5.25,IDR,2010-01-01
FLANGE BOLT,2,4,20,0.78,IDR,2010-01-01
FLANGE BOLT,2.6,4,20,0.78,IDR,2010-01-01
FLANGE BOLT,3,4,30,0.84,IDR,2010-01-01
FLANGE BOLT,3.5,4,30,0.84,IDR,2010-01-01
FLANGE BOLT,4,6,17,0.79,IDR,2010-01-01
FLANGE BOLT,4,18,50,1.07,IDR,2010-01-01
FLANGE BOLT,4.5,6,17,0.79,IDR,2010-01-01
FLANGE BOLT,4.5,18,50,1.07,IDR,2010-01-01
FLANGE BOLT,5,6,21,0.79,IDR,2010-01-01
FLANGE BOLT,5,22,50,1.07,IDR,2010-01-01
FLANGE BOLT,6,6,21,1.68,IDR,2010-01-01
FLANGE BOLT,6,22,57,1.68,IDR,2010-01-01
FLANGE BOLT,6,58,110,5.07,IDR,2010-01-01
FLANGE BOLT,8,10,27,2.34,IDR,2010-01-01
FLANGE BOLT,8,28,57,2.34,IDR,2010-01-01
FLANGE BOLT,8,58,110,5.25,IDR,2010-01-01
FLANGE BOLT,10,12,27,2.34,IDR,2010-01-01
FLANGE BOLT,10,28,57,2.34,IDR,2010-01-01
FLANGE BOLT,10,58,140,5.25,IDR,2010-01-01
FLANGE BOLT,12,12,27,2.58,IDR,2010-01-01
FLANGE BOLT,12,28,57,2.58,IDR,2010-01-01
FLANGE BOLT,12,58,140,19.72,IDR,2010-01-01
TAPTITE SCREW,2,4,20,1.94,IDR,2010-01-01
TAPTITE SCREW,2.6,4,20,1.94,IDR,2010-01-01
TAPTITE SCREW,3,4,30,1.94,IDR,2010-01-01
TAPTITE SCREW,3.5,4,30,1.94,IDR,2010-01-01
TAPTITE SCREW,4,6,50,2.63,IDR,2010-01-01
TAPTITE SCREW,4.5,6,50,2.63,IDR,2010-01-01
TAPTITE SCREW,5,6,21,2.63,IDR,2010-01-01
TAPTITE SCREW,5,22,50,3.6,IDR,2010-01-01
TAPTITE SCREW,6,6,56,4.2,IDR,2010-01-01
